TX_DATETIME,CUSTOMER_ID,TERMINAL_ID,TX_AMOUNT,TX_TIME_SECONDS,TX_FRAUD
2018-04-01 20:30:35,0,28,0.4,73835,0
2018-04-01 14:01:41,0,28,79.36,50501,0
2018-04-02 05:38:50,0,0,40.01,106730,0
2018-04-02 13:44:08,0,25,68.45,135848,0
2018-04-02 16:51:22,0,38,2.6,147082,0
2018-04-02 14:36:34,0,33,69.53,138994,0
2018-04-03 11:08:07,0,28,30.27,212887,0
2018-04-03 14:09:04,0,25,49.09,223744,0
2018-04-03 17:25:11,0,33,86.0,235511,0
2018-04-04 05:12:51,0,27,108.84,277971,0
2018-04-04 13:00:08,0,40,73.04,306008,0
2018-04-05 11:10:37,0,15,100.17,385837,0
2018-04-05 16:49:51,0,38,26.12,406191,0
2018-04-05 15:41:24,0,11,78.24,402084,0
2018-04-06 01:43:11,0,25,66.67,438191,0
2018-04-06 10:14:46,0,11,18.6,468886,0
2018-04-06 08:07:16,0,10,64.08,461236,0
2018-04-07 15:04:13,0,40,33.17,572653,0
2018-04-08 04:48:35,0,25,64.06,622115,0
2018-04-08 13:47:33,0,38,43.0,654453,0
2018-04-08 17:13:12,0,83,72.58,666792,0
2018-04-01 17:00:43,1,4,6.13,61243,0
2018-04-01 18:59:56,1,54,25.75,68396,0
2018-04-01 19:14:34,1,90,13.42,69274,0
2018-04-01 08:35:49,1,84,6.04,30949,0
2018-04-02 07:41:07,1,84,21.46,114067,0
2018-04-03 14:51:05,1,2,20.35,226265,0
2018-04-03 10:25:29,1,17,31.02,210329,0
2018-04-03 12:19:05,1,2,26.39,217145,0
2018-04-04 12:19:30,1,36,0.46,303570,0
2018-04-04 16:28:35,1,84,14.05,318515,0
2018-04-04 07:15:53,1,36,18.58,285353,0
2018-04-04 06:20:07,1,36,24.35,282007,0
2018-04-05 06:48:43,1,64,12.17,370123,0
2018-04-05 05:24:21,1,35,16.04,365061,0
2018-04-05 06:59:22,1,84,28.74,370762,0
2018-04-05 08:02:46,1,15,7.71,374566,0
2018-04-06 17:50:01,1,2,24.41,496201,0
2018-04-06 11:13:34,1,36,24.84,472414,0
2018-04-06 02:53:08,1,1,10.31,442388,0
2018-04-06 18:51:20,1,90,37.01,499880,0
2018-04-07 07:59:22,1,35,9.84,547162,0
2018-04-07 09:17:21,1,35,22.33,551841,0
2018-04-07 09:48:13,1,54,35.08,553693,0
2018-04-07 15:17:36,1,84,11.01,573456,0
2018-04-07 08:12:49,1,84,26.64,547969,0
2018-04-08 11:37:41,1,1,34.46,646661,0
2018-04-08 08:29:37,1,83,34.08,635377,0
2018-04-08 02:59:26,1,36,4.76,615566,0
2018-04-01 14:46:38,2,2,55.58,53198,0
2018-04-01 08:14:12,2,4,74.48,29652,0
2018-04-01 03:54:52,2,4,52.12,14092,0
2018-04-02 14:35:48,2,36,43.16,138948,0
2018-04-02 03:22:57,2,13,32.62,98577,0
2018-04-02 01:16:44,2,83,98.87,91004,0
2018-04-02 10:48:24,2,97,88.91,125304,0
2018-04-02 13:54:43,2,66,100.4,136483,0
2018-04-03 15:30:35,2,15,77.37,228635,0
2018-04-03 20:58:23,2,15,77.63,248303,0
2018-04-03 15:31:47,2,64,131.29,228707,0
2018-04-03 12:22:02,2,14,81.15,217322,0
2018-04-04 21:07:18,2,64,73.98,335238,0
2018-04-05 04:23:27,2,2,149.47,361407,0
2018-04-05 18:56:09,2,64,24.14,413769,0
2018-04-05 11:04:16,2,66,45.55,385456,0
2018-04-06 00:56:10,2,13,31.88,435370,0
2018-04-06 11:35:16,2,47,86.17,473716,0
2018-04-06 14:14:02,2,66,93.76,483242,0
2018-04-06 16:29:19,2,47,8.78,491359,0
2018-04-07 20:36:05,2,97,53.9,592565,0
2018-04-07 05:44:41,2,83,79.64,539081,0
2018-04-07 22:10:18,2,62,94.1,598218,0
2018-04-07 17:39:34,2,36,137.69,581974,0
2018-04-07 21:00:21,2,62,86.82,594021,0
2018-04-07 10:50:25,2,61,68.41,557425,0
2018-04-08 05:27:52,2,62,109.87,624472,0
2018-04-08 02:41:48,2,15,76.13,614508,0
2018-04-08 08:22:53,2,2,33.72,634973,0
2018-04-08 11:40:20,2,2,74.55,646820,0
2018-04-01 10:35:45,3,14,35.42,38145,0
2018-04-01 09:37:23,3,78,13.6,34643,0
2018-04-01 09:28:16,3,63,42.5,34096,0
2018-04-01 07:47:53,3,12,13.83,28073,0
2018-04-01 17:43:51,3,32,37.71,63831,0
2018-04-02 12:01:26,3,78,18.75,129686,0
2018-04-02 06:44:33,3,47,21.54,110673,0
2018-04-02 01:45:33,3,90,19.98,92733,0
2018-04-03 22:37:32,3,78,22.01,254252,0
2018-04-03 15:12:18,3,6,30.6,227538,0
2018-04-03 06:47:00,3,78,29.6,197220,0
2018-04-03 08:51:50,3,3,6.17,204710,0
2018-04-04 10:07:20,3,47,26.39,295640,0
2018-04-05 09:14:44,3,19,14.29,378884,0
2018-04-05 09:25:11,3,63,5.42,379511,0
2018-04-05 10:15:43,3,14,6.88,382543,0
2018-04-05 05:27:12,3,14,12.28,365232,0
2018-04-06 23:37:15,3,97,31.3,517035,0
2018-04-06 17:42:11,3,47,12.97,495731,0
2018-04-06 13:50:30,3,63,20.84,481830,0
2018-04-06 10:39:11,3,63,24.22,470351,0
2018-04-07 16:15:01,3,47,42.33,576901,0
2018-04-07 16:17:08,3,36,37.26,577028,0
2018-04-07 01:56:42,3,90,15.66,525402,0
2018-04-07 06:28:48,3,12,26.57,541728,0
2018-04-07 06:53:41,3,14,13.18,543221,0
2018-04-07 01:49:43,3,90,16.48,524983,0
2018-04-08 11:12:15,3,12,26.44,645135,0
2018-04-08 09:01:44,3,63,6.71,637304,0
2018-04-08 14:10:10,3,36,40.2,655810,0
2018-04-08 11:11:32,3,97,11.48,645092,0
2018-04-08 14:41:29,3,3,8.76,657689,0
2018-04-08 20:06:40,3,90,19.23,677200,0
2018-04-01 06:24:31,4,21,82.06,23071,0
2018-04-02 10:45:46,4,30,139.28,125146,0
2018-04-03 08:45:48,4,18,132.9,204348,0
2018-04-04 20:43:23,4,52,111.61,333803,0
2018-04-05 08:32:14,4,72,166.57,376334,0
2018-04-06 10:41:48,4,20,92.99,470508,0
2018-04-07 11:11:37,4,18,24.96,558697,0
2018-04-01 02:01:39,5,45,54.75,7299,0
2018-04-02 10:40:23,5,25,41.5,124823,0
2018-04-02 01:50:34,5,70,48.84,93034,0
2018-04-03 12:39:49,5,27,26.97,218389,0
2018-04-04 12:38:10,5,79,47.56,304690,1
2018-04-05 03:45:44,5,83,36.10049710135694,359144,1
2018-04-06 11:58:17,5,83,37.664552561463914,475097,1
2018-04-07 05:18:43,5,40,43.29,537523,0
2018-04-08 03:54:54,5,0,45.37,618894,0
2018-04-01 07:43:53,6,6,30.33,27833,0
2018-04-01 10:54:13,6,74,40.72,39253,0
2018-04-02 14:25:48,6,19,14.79,138348,0
2018-04-03 16:54:54,6,3,20.48,233694,0
2018-04-04 04:04:04,6,3,39.85,273844,0
2018-04-04 10:44:03,6,7,29.92,297843,0
2018-04-04 08:18:30,6,74,12.1,289110,0
2018-04-05 11:21:55,6,32,37.12,386515,0
2018-04-06 19:48:54,6,32,24.53,503334,0
2018-04-07 06:35:42,6,31,19.16,542142,1
2018-04-08 04:22:40,6,15,7.210523504286906,620560,1
2018-04-08 13:13:47,6,4,18.777015409854172,652427,1
2018-04-01 21:58:47,7,47,58.45,79127,0
2018-04-01 14:08:10,7,14,68.58,50890,0
2018-04-01 05:14:45,7,61,87.34,18885,0
2018-04-01 04:01:00,7,66,63.33,14460,0
2018-04-02 00:55:38,7,4,32.4,89738,0
2018-04-03 01:37:52,7,6,50.51,178672,0
2018-04-04 07:08:08,7,97,28.05,284888,0
2018-04-05 21:43:56,7,64,54.71,423836,0
2018-04-05 20:37:30,7,6,27.91,419850,0
2018-04-05 11:02:08,7,47,41.83,385328,0
2018-04-06 10:47:43,7,65,23.66,470863,0
2018-04-06 10:21:21,7,4,1.93,469281,0
2018-04-07 02:29:24,7,64,61.75,527364,0
2018-04-07 14:38:50,7,32,71.12,571130,0
2018-04-08 10:19:23,7,4,60.98,641963,0
2018-04-01 21:04:51,8,41,23.63,75891,0
2018-04-01 08:43:18,8,54,4.82,31398,0
2018-04-02 23:18:52,8,59,40.52,170332,0
2018-04-03 11:28:00,8,18,74.56,214080,0
2018-04-04 12:29:22,8,30,27.12,304162,0
2018-04-04 03:08:35,8,5,22.11,270515,0
2018-04-05 14:30:28,8,16,66.39,397828,0
2018-04-05 16:06:13,8,18,42.75,403573,0
2018-04-06 07:05:08,8,41,6.82,457508,0
2018-04-06 10:52:50,8,85,54.86,471170,0
2018-04-07 07:50:06,8,30,61.17,546606,0
2018-04-07 07:59:14,8,59,71.37,547154,0
2018-04-08 07:49:32,8,1,45.37,632972,0
2018-04-08 12:10:01,8,72,67.5,648601,0
2018-04-01 10:31:13,9,98,21.26,37873,0
2018-04-01 05:57:32,9,72,27.59,21452,0
2018-04-01 10:01:17,9,48,24.83,36077,0
2018-04-01 06:20:42,9,20,23.36,22842,0
2018-04-01 15:54:49,9,30,15.69,57289,0
2018-04-02 10:48:30,9,5,19.6,125310,0
2018-04-02 04:49:15,9,52,6.81,103755,0
2018-04-02 09:23:23,9,98,24.91,120203,0
2018-04-02 16:42:56,9,16,13.95,146576,0
2018-04-03 05:15:32,9,52,20.4,191732,0
2018-04-03 11:56:29,9,8,29.2,215789,0
2018-04-04 07:44:15,9,80,18.51,287055,0
2018-04-04 21:15:59,9,30,10.39,335759,0
2018-04-04 16:46:20,9,98,21.74,319580,0
2018-04-04 07:33:52,9,88,18.25,286432,0
2018-04-05 16:36:21,9,30,6.56,405381,0
2018-04-05 02:42:26,9,30,25.15,355346,0
2018-04-05 12:42:13,9,46,29.66,391333,0
2018-04-06 06:37:31,9,8,11.2,455851,0
2018-04-06 11:57:27,9,18,47.0,475047,0
2018-04-06 17:11:58,9,20,19.9,493918,0
2018-04-06 04:35:11,9,16,17.27,448511,0
2018-04-07 04:37:01,9,80,3.13,535021,0
2018-04-07 18:34:10,9,18,29.17,585250,0
2018-04-07 14:25:57,9,51,25.71,570357,0
2018-04-07 18:55:15,9,37,8.6,586515,0
2018-04-08 13:12:50,9,46,11.76,652370,0
2018-04-08 04:27:10,9,88,18.35,620830,0
2018-04-08 15:43:42,9,16,17.25,661422,0
2018-04-08 06:08:53,9,48,21.86,626933,0
2018-04-01 05:05:17,10,8,21.55,18317,0
2018-04-02 20:06:19,10,52,81.59,158779,0
2018-04-02 10:48:11,10,80,69.61,125291,0
2018-04-03 15:00:49,10,8,63.04,226849,0
2018-04-03 08:21:38,10,21,107.33,202898,0
2018-04-03 17:30:55,10,80,124.83,235855,0
2018-04-03 15:10:02,10,80,43.3,227402,0
2018-04-04 04:07:33,10,30,238.46,274053,0
2018-04-05 11:46:51,10,20,72.14,388011,0
2018-04-05 19:59:13,10,8,73.39,417553,0
2018-04-05 12:16:58,10,98,75.76,389818,0
2018-04-06 07:46:44,10,80,60.21,460004,0
2018-04-06 12:08:31,10,34,142.79,475711,0
2018-04-06 08:40:10,10,18,67.25,463210,0
2018-04-07 05:21:14,10,21,105.17,537674,0
2018-04-07 04:49:33,10,34,45.4,535773,0
2018-04-07 02:40:52,10,8,103.46,528052,0
2018-04-08 15:33:50,10,52,56.39,660830,0
2018-04-08 12:03:17,10,20,125.91,648197,0
2018-04-08 06:21:46,10,34,145.28,627706,0
2018-04-08 10:51:16,10,52,92.16,643876,0
2018-04-01 09:43:17,11,84,41.38,34997,0
2018-04-01 14:19:06,11,84,43.06,51546,0
2018-04-01 09:03:15,11,84,48.36,32595,0
2018-04-01 16:11:23,11,96,47.33,58283,0
2018-04-01 07:34:36,11,35,65.81,27276,0
2018-04-02 11:11:20,11,22,24.54,126680,0
2018-04-02 04:54:57,11,96,25.56,104097,0
2018-04-02 10:41:57,11,85,77.77,124917,0
2018-04-03 14:24:05,11,22,9.47,224645,0
2018-04-03 15:28:29,11,16,36.45,228509,0
2018-04-03 05:57:58,11,84,24.22,194278,0
2018-04-03 10:26:36,11,54,59.11,210396,0
2018-04-03 08:03:07,11,17,22.41,201787,0
2018-04-04 08:22:20,11,5,47.28,289340,0
2018-04-05 04:34:35,11,2,54.78,362075,0
2018-04-05 05:02:18,11,67,65.53,363738,0
2018-04-05 05:01:23,11,84,36.18,363683,0
2018-04-06 03:08:17,11,22,86.97,443297,0
2018-04-07 04:47:36,11,58,58.64,535656,1
2018-04-07 05:28:57,11,83,61.1062729249758,538137,1
2018-04-07 09:05:10,11,64,45.09527692270929,551110,1
2018-04-07 15:42:26,11,61,60.509844747120084,574946,1
2018-04-08 07:41:07,11,62,61.09295529831259,632467,1
2018-04-08 09:45:57,11,69,78.83556090887195,639957,1
2018-04-08 13:20:27,11,86,88.2082873003518,652827,1
2018-04-01 12:20:59,12,82,43.51,44459,0
2018-04-02 17:40:42,12,57,106.26,150042,0
2018-04-03 03:55:28,12,96,78.66,186928,1
2018-04-04 06:06:40,12,15,74.8452328233173,281200,1
2018-04-05 10:54:35,12,64,70.70888934035283,384875,1
2018-04-05 20:15:23,12,13,82.09278877866724,418523,1
2018-04-05 20:33:40,12,75,86.3869396079396,419620,1
2018-04-06 13:03:24,12,57,64.57,479004,0
2018-04-07 05:59:46,12,92,43.17,539986,0
2018-04-08 13:19:24,12,82,24.27,652764,0
2018-04-01 13:38:53,13,49,41.98,49133,0
2018-04-02 07:51:22,13,49,47.12,114682,0
2018-04-02 23:23:13,13,93,82.65,170593,0
2018-04-03 16:26:10,13,93,53.96,231970,0
2018-04-04 07:20:20,13,24,46.02,285620,0
2018-04-05 06:14:14,13,93,64.61,368054,0
2018-04-06 08:25:24,13,26,15.0,462324,0
2018-04-07 03:13:18,13,93,47.4,529998,0
2018-04-07 15:10:20,13,24,31.37,573020,0
2018-04-08 15:58:57,13,26,51.19,662337,0
2018-04-01 10:17:58,14,11,71.62,37078,0
2018-04-01 11:00:05,14,64,79.35,39605,0
2018-04-01 03:53:16,14,77,204.84,13996,0
2018-04-01 14:00:30,14,75,207.87,50430,0
2018-04-01 10:22:25,14,61,178.2,37345,0
2018-04-02 19:17:06,14,27,5.87,155826,0
2018-04-02 19:33:20,14,28,50.56,156800,0
2018-04-02 09:41:32,14,77,37.85,121292,0
2018-04-02 10:26:31,14,28,131.27,123991,0
2018-04-02 14:36:04,14,28,171.67,138964,0
2018-04-02 10:15:41,14,77,61.12,123341,0
2018-04-02 12:48:31,14,11,119.67,132511,0
2018-04-03 06:54:54,14,75,100.18,197694,0
2018-04-03 10:26:10,14,45,99.31,210370,0
2018-04-03 13:25:43,14,28,117.69,221143,0
2018-04-03 04:59:40,14,45,104.97,190780,0
2018-04-03 07:21:38,14,75,134.0,199298,0
2018-04-04 06:56:22,14,38,197.95,284182,0
2018-04-04 15:07:03,14,38,49.16,313623,0
2018-04-04 08:14:17,14,11,106.78,288857,0
2018-04-04 08:47:18,14,28,110.54,290838,0
2018-04-04 14:02:11,14,27,27.12,309731,0
2018-04-04 15:19:56,14,33,181.78,314396,0
2018-04-05 10:54:30,14,33,91.48,384870,0
2018-04-05 14:15:00,14,28,161.94,396900,0
2018-04-05 15:37:01,14,33,83.09,401821,0
2018-04-05 14:12:48,14,75,150.96,396768,0
2018-04-05 16:41:49,14,75,112.07,405709,0
2018-04-05 17:28:08,14,61,64.78,408488,0
2018-04-06 07:13:18,14,13,167.58,457998,0
2018-04-06 13:43:54,14,13,62.58,481434,0
2018-04-06 02:01:47,14,61,62.89,439307,0
2018-04-06 19:08:11,14,75,66.88,500891,0
2018-04-06 17:20:06,14,75,87.87,494406,0
2018-04-06 10:04:23,14,28,46.44,468263,0
2018-04-07 08:05:32,14,13,75.58,547532,0
2018-04-07 04:40:14,14,0,123.56,535214,0
2018-04-07 11:13:49,14,75,154.88,558829,0
2018-04-07 14:25:13,14,11,118.33,570313,0
2018-04-07 17:45:52,14,11,125.33,582352,0
2018-04-07 14:05:47,14,64,167.92,569147,0
2018-04-08 10:50:34,14,33,53.0,643834,0
2018-04-08 09:59:37,14,0,51.9,640777,0
2018-04-08 10:34:59,14,11,56.81,642899,0
2018-04-08 07:36:28,14,28,102.9,632188,0
2018-04-08 09:21:20,14,27,21.1,638480,0
2018-04-01 08:21:23,15,37,102.36,30083,0
2018-04-01 13:28:09,15,5,24.39,48489,0
2018-04-02 11:34:25,15,8,87.45,128065,0
2018-04-03 15:25:54,15,30,48.32,228354,0
2018-04-03 19:31:25,15,46,16.28,243085,0
2018-04-04 08:39:58,15,5,83.58,290398,0
2018-04-04 16:43:43,15,8,119.2,319423,0
2018-04-05 23:33:07,15,20,57.77,430387,0
2018-04-06 19:06:26,15,72,44.26,500786,0
2018-04-06 11:55:16,15,46,116.44,474916,0
2018-04-06 18:46:04,15,18,40.93,499564,0
2018-04-07 03:32:37,15,52,151.13,531157,0
2018-04-07 10:32:28,15,98,36.34,556348,0
2018-04-08 21:57:35,15,72,113.83,683855,0
2018-04-08 07:26:22,15,48,72.12,631582,0
2018-04-08 09:39:50,15,80,86.56,639590,0
2018-04-01 03:12:17,16,36,51.46,11537,0
2018-04-02 17:26:48,16,47,50.68,149208,0
2018-04-02 08:16:53,16,47,46.59,116213,0
2018-04-02 18:56:36,16,32,35.8,154596,0
2018-04-03 13:43:39,16,43,58.32,222219,0
2018-04-04 09:35:43,16,14,70.07,293743,0
2018-04-05 00:25:32,16,79,58.4,347132,1
2018-04-06 04:35:46,16,15,40.947144290762125,448546,1
2018-04-07 13:39:24,16,83,29.342150163981565,567564,1
2018-04-08 13:51:56,16,32,39.45,654716,0
2018-04-08 16:23:26,16,14,58.32,663806,0
2018-04-01 22:05:45,17,80,71.82,79545,0
2018-04-01 10:29:57,17,34,90.76,37797,0
2018-04-01 07:10:42,17,21,42.16,25842,0
2018-04-01 17:17:34,17,21,75.48,62254,0
2018-04-02 11:07:38,17,21,56.54,126458,0
2018-04-02 13:42:24,17,20,111.4,135744,0
2018-04-03 23:55:30,17,98,59.48,258930,0
2018-04-03 10:44:12,17,98,73.54,211452,0
2018-04-03 16:52:39,17,80,97.64,233559,0
2018-04-03 15:04:31,17,98,27.77,227071,0
2018-04-04 13:44:34,17,21,65.15,308674,0
2018-04-04 02:38:33,17,8,32.62,268713,0
2018-04-04 02:50:07,17,8,23.77,269407,0
2018-04-05 05:07:06,17,20,42.42,364026,0
2018-04-06 17:16:41,17,34,43.65,494201,0
2018-04-06 15:49:16,17,98,50.52,488956,0
2018-04-06 07:49:00,17,34,60.93,460140,0
2018-04-07 18:16:06,17,21,54.65,584166,0
2018-04-07 16:51:26,17,80,41.07,579086,0
2018-04-08 04:11:33,17,21,125.8,619893,0
2018-04-08 13:18:41,17,98,25.65,652721,0
2018-04-01 10:42:26,18,6,55.36,38546,0
2018-04-01 07:51:56,18,4,120.81,28316,0
2018-04-01 17:10:56,18,66,102.52,61856,0
2018-04-02 16:13:54,18,47,96.55,144834,0
2018-04-02 10:44:03,18,36,51.76,125043,0
2018-04-02 14:15:33,18,14,111.25,137733,0
2018-04-02 10:51:41,18,14,71.12,125501,0
2018-04-03 18:18:17,18,47,62.66,238697,0
2018-04-03 03:50:20,18,66,64.88,186620,0
2018-04-04 15:31:01,18,47,77.35,315061,0
2018-04-04 11:04:38,18,6,109.9,299078,0
2018-04-04 15:37:18,18,47,141.16,315438,0
2018-04-05 15:44:15,18,32,116.26,402255,0
2018-04-05 09:01:05,18,47,32.25,378065,0
2018-04-05 12:00:57,18,32,100.89,388857,0
2018-04-06 10:13:25,18,14,60.63,468805,0
2018-04-06 08:24:43,18,32,163.78,462283,0
2018-04-06 12:36:08,18,84,138.57,477368,0
2018-04-06 14:22:10,18,4,62.6,483730,0
2018-04-06 06:51:08,18,36,38.73,456668,0
2018-04-06 07:01:31,18,62,22.76,457291,0
2018-04-07 13:37:53,18,66,161.53,567473,0
2018-04-08 14:57:47,18,90,43.91,658667,0
2018-04-08 09:44:09,18,90,99.79,639849,0
2018-04-01 14:42:40,19,64,38.3,52960,0
2018-04-02 12:30:19,19,0,107.56,131419,0
2018-04-03 06:40:48,19,38,76.58,196848,0
2018-04-03 09:00:50,19,10,52.46,205250,0
2018-04-04 08:32:54,19,38,34.63,289974,0
2018-04-04 09:58:36,19,13,101.9,295116,0
2018-04-05 18:05:04,19,28,49.12,410704,0
2018-04-05 11:33:12,19,27,67.43,387192,0
2018-04-05 12:39:49,19,38,93.25,391189,0
2018-04-06 12:57:19,19,25,74.49,478639,0
2018-04-07 10:21:53,19,45,66.55,555713,0
2018-04-07 09:34:17,19,11,81.47,552857,0
2018-04-08 07:59:18,19,45,99.6,633558,0
2018-04-08 06:31:00,19,25,123.15,628260,0
2018-04-01 07:55:29,20,11,29.7,28529,0
2018-04-01 12:37:32,20,27,23.24,45452,0
2018-04-02 04:27:32,20,10,98.78,102452,0
2018-04-02 05:25:57,20,40,89.69,105957,0
2018-04-03 10:46:59,20,11,136.6,211619,0
2018-04-04 10:41:46,20,0,63.28,297706,0
2018-04-04 07:24:31,20,58,170.81,285871,0
2018-04-04 05:53:51,20,58,101.51,280431,0
2018-04-05 10:47:07,20,10,49.04,384427,0
2018-04-05 04:16:30,20,10,75.92,360990,0
2018-04-06 09:20:07,20,11,14.87,465607,0
2018-04-06 18:16:36,20,40,63.91,497796,0
2018-04-06 12:43:56,20,70,38.72,477836,0
2018-04-07 08:44:06,20,70,33.87,549846,0
2018-04-07 05:12:24,20,58,89.84,537144,0
2018-04-07 08:45:41,20,25,28.81,549941,0
2018-04-08 02:35:06,20,25,54.05,614106,0
2018-04-08 23:20:14,20,40,73.78,688814,0
2018-04-01 09:26:07,21,22,23.26,33967,0
2018-04-01 08:37:47,21,67,43.47,31067,0
2018-04-01 05:12:00,21,67,68.17,18720,0
2018-04-02 11:21:30,21,43,36.75,127290,0
2018-04-02 05:17:15,21,84,57.71,105435,0
2018-04-02 15:24:13,21,35,41.98,141853,0
2018-04-02 05:03:20,21,84,17.72,104600,0
2018-04-02 06:14:35,21,85,31.5,108875,0
2018-04-03 14:23:19,21,22,12.86,224599,0
2018-04-03 11:39:39,21,85,35.83,214779,0
2018-04-04 17:56:14,21,85,45.3,323774,0
2018-04-04 15:26:18,21,41,31.59,314778,0
2018-04-04 06:01:27,21,1,72.22,280887,0
2018-04-05 08:02:25,21,1,32.61,374545,0
2018-04-05 16:06:00,21,56,23.35,403560,0
2018-04-05 16:16:20,21,67,17.01,404180,0
2018-04-06 16:59:09,21,5,48.33,493149,0
2018-04-06 03:31:33,21,17,26.84,444693,0
2018-04-06 16:11:12,21,41,57.48,490272,0
2018-04-06 12:51:00,21,41,26.96,478260,0
2018-04-06 11:44:10,21,2,53.56,474250,0
2018-04-06 12:28:06,21,67,5.18,476886,0
2018-04-07 06:03:11,21,67,7.36,540191,0
2018-04-07 11:38:23,21,81,45.99,560303,0
2018-04-08 23:55:37,21,2,34.25,690937,0
2018-04-08 08:00:28,21,54,14.65,633628,0
2018-04-08 06:15:31,21,90,49.42,627331,0
2018-04-08 20:12:13,21,84,32.23,677533,0
2018-04-01 06:17:42,22,44,43.6,22662,0
2018-04-02 11:45:18,22,44,27.27,128718,0
2018-04-03 09:08:33,22,9,32.22,205713,0
2018-04-03 15:11:06,22,73,32.59,227466,0
2018-04-04 02:23:20,22,71,69.02,267800,0
2018-04-05 19:32:56,22,44,27.59,415976,0
2018-04-06 07:26:30,22,95,55.52,458790,0
2018-04-07 08:44:04,22,9,8.61,549844,0
2018-04-08 09:04:30,22,95,31.86,637470,0
2018-04-01 12:26:21,23,46,34.2,44781,0
2018-04-01 13:06:29,23,18,37.76,47189,0
2018-04-01 15:45:07,23,5,20.6,56707,0
2018-04-01 06:59:29,23,72,24.59,25169,0
2018-04-02 11:10:43,23,46,53.53,126643,0
2018-04-02 11:17:23,23,51,25.37,127043,0
2018-04-02 10:57:57,23,51,27.26,125877,0
2018-04-03 08:29:55,23,60,24.71,203395,0
2018-04-03 18:08:05,23,48,35.0,238085,0
2018-04-03 16:43:00,23,30,31.18,232980,0
2018-04-04 15:01:58,23,99,17.18,313318,0
2018-04-04 15:04:16,23,37,29.49,313456,0
2018-04-05 15:59:33,23,46,33.77,403173,0
2018-04-05 07:08:18,23,52,2.13,371298,0
2018-04-06 13:31:37,23,5,46.15,480697,0
2018-04-07 07:26:57,23,37,36.6,545217,0
2018-04-07 18:25:46,23,72,35.78,584746,0
2018-04-08 15:45:23,23,52,33.84,661523,0
2018-04-08 14:51:42,23,5,46.79,658302,0
2018-04-08 14:22:32,23,18,34.85,656552,0
2018-04-01 19:14:16,24,85,21.36,69256,0
2018-04-01 09:25:02,24,52,1.11,33902,0
2018-04-01 12:19:57,24,88,13.68,44397,0
2018-04-01 18:09:16,24,60,27.75,65356,0
2018-04-01 11:44:49,24,18,15.33,42289,0
2018-04-01 03:50:45,24,30,19.43,13845,0
2018-04-02 15:24:46,24,18,23.11,141886,0
2018-04-02 14:05:00,24,30,23.7,137100,0
2018-04-02 18:01:56,24,18,35.0,151316,0
2018-04-03 09:12:37,24,72,19.7,205957,0
2018-04-03 14:45:58,24,72,13.19,225958,0
2018-04-03 03:45:16,24,16,5.59,186316,0
2018-04-04 11:20:41,24,85,25.35,300041,0
2018-04-04 12:40:18,24,87,7.44,304818,0
2018-04-04 12:35:55,24,18,27.03,304555,0
2018-04-04 20:48:01,24,87,39.64,334081,0
2018-04-04 06:33:14,24,85,31.72,282794,0
2018-04-04 15:52:11,24,46,25.77,316331,0
2018-04-04 05:58:06,24,85,22.04,280686,0
2018-04-05 07:24:28,24,87,1.9,372268,0
2018-04-05 12:25:40,24,5,6.7,390340,0
2018-04-05 03:16:09,24,57,34.82,357369,0
2018-04-05 15:29:01,24,57,22.63,401341,0
2018-04-05 13:25:04,24,88,14.38,393904,0
2018-04-06 08:53:45,24,85,20.49,464025,0
2018-04-06 16:42:28,24,72,32.77,492148,0
2018-04-06 23:10:53,24,16,8.0,515453,0
2018-04-06 09:47:19,24,5,22.89,467239,0
2018-04-06 12:36:12,24,59,13.46,477372,0
2018-04-06 07:22:38,24,18,24.13,458558,0
2018-04-06 10:31:28,24,57,28.08,469888,0
2018-04-07 12:11:14,24,85,32.56,562274,0
2018-04-07 17:12:58,24,88,29.54,580378,0
2018-04-07 14:31:32,24,57,22.91,570692,0
2018-04-07 18:58:05,24,72,43.11,586685,0
2018-04-08 09:00:45,24,46,23.98,637245,0
2018-04-08 08:38:49,24,57,6.43,635929,0
2018-04-08 07:54:57,24,16,12.76,633297,0
2018-04-08 14:14:01,24,72,22.77,656041,0
2018-04-01 10:26:57,25,70,105.83,37617,0
2018-04-01 07:09:17,25,9,81.14,25757,0
2018-04-01 11:49:42,25,44,39.77,42582,0
2018-04-02 13:11:14,25,50,64.2,133874,0
2018-04-02 06:30:24,25,95,97.89,109824,0
2018-04-02 16:45:39,25,71,169.77,146739,0
2018-04-02 18:51:39,25,9,59.32,154299,0
2018-04-02 20:02:09,25,50,54.92,158529,0
2018-04-03 03:50:23,25,9,93.37,186623,0
2018-04-03 12:32:25,25,50,182.92,217945,0
2018-04-03 08:38:45,25,79,120.61,203925,0
2018-04-04 17:12:16,25,70,33.23,321136,0
2018-04-04 07:35:09,25,31,166.7,286509,0
2018-04-05 19:52:52,25,79,55.58,417172,0
2018-04-05 11:38:30,25,31,83.45,387510,0
2018-04-05 23:31:44,25,79,118.46,430304,0
2018-04-05 18:14:25,25,95,49.27,411265,0
2018-04-05 13:32:33,25,96,82.95,394353,0
2018-04-05 12:50:00,25,44,105.44,391800,0
2018-04-06 13:18:38,25,39,42.92,479918,1
2018-04-06 19:53:47,25,58,48.18113694572194,503627,1
2018-04-06 22:28:08,25,15,53.35503869779325,512888,1
2018-04-06 23:35:00,25,2,42.71694276924392,516900,1
2018-04-07 05:29:47,25,4,41.170732210556274,538187,1
2018-04-07 14:59:09,25,66,40.852755100081794,572349,1
2018-04-07 19:36:15,25,62,48.42112018334058,588975,1
2018-04-08 05:06:32,25,77,44.85054095398092,623192,1
2018-04-08 15:37:36,25,77,58.293025351791435,661056,1
2018-04-08 19:47:36,25,77,83.19292346570826,676056,1
2018-04-08 20:23:15,25,94,98.18729153189265,678195,1
2018-04-08 23:47:47,25,75,105.19231797786101,690467,1
2018-04-08 23:53:05,25,28,124.07853072256907,690785,1
2018-04-01 17:13:29,26,80,28.26,62009,0
2018-04-01 15:22:14,26,18,28.65,55334,0
2018-04-01 12:06:58,26,72,17.67,43618,0
2018-04-01 13:15:45,26,18,34.46,47745,0
2018-04-01 13:53:09,26,37,23.97,49989,0
2018-04-01 13:52:22,26,52,46.51,49942,0
2018-04-01 12:31:18,26,48,19.23,45078,0
2018-04-01 21:46:37,26,5,21.24,78397,0
2018-04-02 20:56:37,26,16,21.4,161797,0
2018-04-02 14:46:03,26,98,27.16,139563,0
2018-04-02 15:00:12,26,98,1.87,140412,0
2018-04-02 05:44:53,26,46,16.48,107093,0
2018-04-03 14:26:27,26,5,17.96,224787,0
2018-04-03 17:48:30,26,80,24.6,236910,0
2018-04-03 12:23:34,26,72,19.94,217414,0
2018-04-03 18:56:25,26,52,41.66,240985,0
2018-04-03 11:36:58,26,48,43.77,214618,0
2018-04-03 18:24:37,26,16,36.79,239077,0
2018-04-04 11:24:45,26,72,35.18,300285,0
2018-04-04 19:44:53,26,37,4.13,330293,0
2018-04-04 12:07:08,26,18,17.94,302828,0
2018-04-05 18:51:13,26,80,38.62,413473,0
2018-04-05 01:32:10,26,37,38.12,351130,0
2018-04-05 07:32:36,26,80,31.68,372756,0
2018-04-05 10:04:30,26,99,35.6,381870,0
2018-04-05 04:50:06,26,18,17.8,363006,0
2018-04-05 19:37:41,26,98,50.98,416261,0
2018-04-06 08:06:55,26,80,22.61,461215,0
2018-04-06 08:57:39,26,99,30.93,464259,0
2018-04-06 14:49:02,26,5,25.94,485342,0
2018-04-06 14:06:02,26,72,33.08,482762,0
2018-04-06 05:45:30,26,99,31.24,452730,0
2018-04-07 17:28:46,26,18,52.36,581326,0
2018-04-07 03:19:44,26,16,20.98,530384,0
2018-04-07 10:27:59,26,16,38.01,556079,0
2018-04-07 01:49:40,26,18,45.56,524980,0
2018-04-07 13:41:19,26,52,24.66,567679,0
2018-04-08 17:22:32,26,46,31.05,667352,0
2018-04-08 07:59:22,26,99,37.75,633562,0
2018-04-08 15:33:19,26,98,14.52,660799,0
2018-04-08 12:12:15,26,37,35.52,648735,0
2018-04-08 14:45:41,26,30,49.37,657941,0
2018-04-08 07:40:04,26,18,29.88,632404,0
2018-04-01 18:07:12,27,81,22.24,65232,0
2018-04-01 02:18:33,27,41,56.62,8313,0
2018-04-01 08:27:59,27,42,41.5,30479,0
2018-04-01 13:33:48,27,22,25.21,48828,0
2018-04-01 21:34:59,27,5,16.05,77699,0
2018-04-02 03:48:59,27,5,17.58,100139,0
2018-04-02 16:35:04,27,41,60.62,146104,0
2018-04-02 15:44:10,27,85,20.76,143050,0
2018-04-02 09:58:40,27,54,67.13,122320,0
2018-04-02 13:40:42,27,41,44.4,135642,0
2018-04-03 14:43:32,27,58,50.47,225812,0
2018-04-03 03:33:20,27,59,11.02,185600,0
2018-04-03 17:07:52,27,17,42.7,234472,0
2018-04-04 07:18:33,27,35,53.48,285513,0
2018-04-04 06:51:05,27,35,28.17,283865,0
2018-04-04 05:09:37,27,81,48.68,277777,0
2018-04-05 02:20:02,27,5,2.9,354002,0
2018-04-05 15:22:16,27,96,5.47,400936,0
2018-04-05 07:17:15,27,5,54.07,371835,0
2018-04-05 06:06:48,27,70,21.5,367608,0
2018-04-05 12:04:41,27,70,25.33,389081,0
2018-04-05 11:40:51,27,2,45.43,387651,0
2018-04-05 11:32:13,27,79,48.87,387133,0
2018-04-06 13:54:06,27,58,45.01,482046,0
2018-04-06 17:04:22,27,1,32.28,493462,0
2018-04-06 08:45:18,27,81,48.73,463518,0
2018-04-06 18:33:09,27,41,39.59,498789,0
2018-04-06 14:25:28,27,16,17.76,483928,0
2018-04-06 13:20:28,27,54,24.19,480028,0
2018-04-06 05:10:53,27,35,6.0,450653,0
2018-04-06 16:10:57,27,84,17.39,490257,0
2018-04-06 05:10:12,27,16,16.0,450612,0
2018-04-07 09:01:14,27,15,22.28,550874,0
2018-04-07 10:04:47,27,59,45.32,554687,0
2018-04-07 16:00:29,27,42,34.46,576029,0
2018-04-07 18:46:58,27,2,3.04,586018,0
2018-04-07 08:37:40,27,84,8.33,549460,0
2018-04-08 07:47:22,27,5,10.84,632842,0
2018-04-08 05:48:53,27,17,39.68,625733,0
2018-04-08 08:35:45,27,79,41.69,635745,0
2018-04-08 12:33:07,27,16,49.5,649987,0
2018-04-01 12:21:50,28,17,48.89,44510,0
2018-04-02 00:38:11,28,85,28.56,88691,0
2018-04-02 08:00:34,28,22,52.64,115234,0
2018-04-02 12:28:11,28,67,93.52,131291,0
2018-04-02 09:32:11,28,76,68.71,120731,0
2018-04-02 15:11:32,28,85,65.17,141092,0
2018-04-03 04:00:42,28,22,74.05,187242,0
2018-04-03 13:34:12,28,32,114.96,221652,0
2018-04-03 07:53:27,28,22,16.39,201207,0
2018-04-03 20:28:17,28,84,35.05,246497,0
2018-04-03 04:36:22,28,59,61.19,189382,0
2018-04-04 18:50:57,28,87,90.46,327057,0
2018-04-04 17:07:53,28,56,34.6,320873,0
2018-04-04 12:22:13,28,32,83.71,303733,0
2018-04-04 08:53:28,28,32,80.07,291208,0
2018-04-05 11:21:38,28,31,64.29,386498,1
2018-04-05 18:35:41,28,15,57.907851394585194,412541,1
2018-04-05 18:48:22,28,64,56.24191567931443,413302,1
2018-04-05 19:10:03,28,61,71.14782257308451,414603,1
2018-04-05 20:14:03,28,13,73.03474489827876,418443,1
2018-04-05 23:42:37,28,86,72.36796771989195,430957,1
2018-04-05 23:56:26,28,77,73.44860172182827,431786,1
2018-04-06 01:59:42,28,13,86.83055099139236,439182,1
2018-04-06 03:27:43,28,13,95.94698203153067,444463,1
2018-04-07 07:08:38,28,13,110.23335090177254,544118,1
2018-04-07 11:44:43,28,13,111.40763210192458,560683,1
2018-04-07 23:26:58,28,61,124.11237205124289,602818,1
2018-04-07 23:38:47,28,61,128.80813576264833,603527,1
2018-04-08 09:12:04,28,67,67.8,637924,0
2018-04-08 03:23:02,28,85,121.31,616982,0
2018-04-08 12:41:01,28,85,32.17,650461,0
2018-04-08 08:18:45,28,84,36.33,634725,0
2018-04-08 08:41:05,28,87,89.99,636065,0
2018-04-08 10:40:32,28,42,64.9,643232,0
2018-04-01 18:12:16,29,54,32.39,65536,0
2018-04-01 05:50:50,29,15,103.5,21050,0
2018-04-02 15:57:16,29,39,61.74,143836,0
2018-04-02 16:59:11,29,58,21.25,147551,0
2018-04-03 13:36:31,29,83,69.54,221791,0
2018-04-03 03:06:08,29,58,54.68,183968,0
2018-04-03 17:32:08,29,35,69.53,235928,0
2018-04-03 11:08:19,29,15,39.49,212899,0
2018-04-04 22:43:06,29,54,33.49,340986,0
2018-04-04 17:22:24,29,96,32.14,321744,0
2018-04-05 11:01:04,29,39,27.03,385264,0
2018-04-06 07:06:58,29,40,71.09,457618,0
2018-04-06 08:17:26,29,40,50.97,461846,0
2018-04-06 10:43:41,29,10,91.11,470621,0
2018-04-07 12:54:45,29,10,0.75,564885,0
2018-04-07 12:59:14,29,15,69.52,565154,0
2018-04-07 01:57:20,29,83,30.3,525440,0
2018-04-08 17:17:20,29,50,57.07,667040,0
2018-04-08 09:45:13,29,70,26.11,639913,0
2018-04-08 16:05:23,29,31,135.72,662723,0
2018-04-01 14:18:45,30,85,23.72,51525,0
2018-04-01 08:01:05,30,57,32.87,28865,0
2018-04-01 16:28:41,30,87,15.17,59321,0
2018-04-02 15:30:11,30,5,31.21,142211,0
2018-04-02 15:25:20,30,87,70.82,141920,0
2018-04-02 08:55:47,30,93,42.11,118547,0
2018-04-03 15:01:14,30,48,12.23,226874,0
2018-04-03 13:30:23,30,57,23.88,221423,0
2018-04-03 04:02:24,30,5,17.75,187344,0
2018-04-04 08:41:36,30,67,33.76,290496,0
2018-04-05 07:05:29,30,67,16.14,371129,0
2018-04-05 12:39:25,30,93,8.89,391165,0
2018-04-06 02:04:27,30,46,34.92,439467,0
2018-04-06 13:43:17,30,23,22.29,481397,0
2018-04-06 15:36:37,30,72,23.29,488197,0
2018-04-07 15:13:14,30,5,30.24,573194,0
2018-04-08 11:03:22,30,85,23.87,644602,0
2018-04-08 11:02:22,30,48,21.24,644542,0
2018-04-01 07:38:01,31,4,7.72,27481,0
2018-04-01 11:02:54,31,66,6.32,39774,0
2018-04-01 03:30:46,31,14,5.59,12646,0
2018-04-01 12:03:22,31,65,0.62,43402,0
2018-04-01 16:33:16,31,36,3.55,59596,0
2018-04-02 10:45:08,31,86,8.25,125108,0
2018-04-02 17:36:34,31,4,6.9,149794,0
2018-04-02 07:51:32,31,36,11.75,114692,0
2018-04-02 15:18:23,31,14,7.69,141503,0
2018-04-03 17:28:03,31,69,8.42,235683,0
2018-04-03 13:05:41,31,47,4.75,219941,0
2018-04-03 09:22:22,31,97,6.02,206542,0
2018-04-03 14:53:33,31,36,5.84,226413,0
2018-04-04 14:36:36,31,36,6.23,311796,0
2018-04-04 08:26:33,31,97,7.47,289593,0
2018-04-04 13:44:35,31,4,1.17,308675,0
2018-04-04 17:38:36,31,86,5.37,322716,0
2018-04-04 15:49:30,31,4,3.98,316170,0
2018-04-04 06:16:21,31,36,10.43,281781,0
2018-04-04 19:15:15,31,47,9.06,328515,0
2018-04-05 17:44:13,31,69,5.95,409453,0
2018-04-05 14:18:48,31,97,2.11,397128,0
2018-04-05 11:49:00,31,66,4.89,388140,0
2018-04-05 15:53:14,31,69,4.31,402794,0
2018-04-06 14:50:03,31,65,5.76,485403,0
2018-04-06 11:16:35,31,47,3.33,472595,0
2018-04-06 21:13:27,31,78,4.0,508407,0
2018-04-06 16:09:50,31,14,7.91,490190,0
2018-04-07 08:46:33,31,14,10.84,549993,0
2018-04-07 18:49:37,31,4,9.0,586177,0
2018-04-07 07:14:18,31,65,0.62,544458,0
2018-04-07 19:10:40,31,62,8.28,587440,0
2018-04-07 11:46:19,31,47,2.28,560779,0
2018-04-07 11:16:47,31,47,8.62,559007,0
2018-04-08 10:50:35,31,62,4.02,643835,0
2018-04-08 12:25:48,31,65,2.87,649548,0
2018-04-08 10:11:20,31,62,2.49,641480,0
2018-04-08 10:22:51,31,78,7.93,642171,0
2018-04-08 00:06:37,31,47,4.37,605197,0
2018-04-01 12:02:54,32,4,12.37,43374,0
2018-04-01 17:25:21,32,83,7.35,62721,0
2018-04-02 11:10:08,32,13,8.77,126608,0
2018-04-03 07:48:17,32,11,11.01,200897,0
2018-04-04 10:54:10,32,14,19.75,298450,0
2018-04-04 17:04:15,32,61,7.32,320655,0
2018-04-04 15:14:57,32,83,20.63,314097,0
2018-04-05 17:28:10,32,13,11.58,408490,0
2018-04-06 17:14:24,32,28,23.46,494064,0
2018-04-06 10:36:53,32,2,19.57,470213,0
2018-04-06 09:54:44,32,61,23.44,467684,0
2018-04-06 10:25:20,32,2,26.03,469520,0
2018-04-07 05:47:20,32,4,17.43,539240,0
2018-04-08 14:11:26,32,15,10.2,655886,0
2018-04-01 19:19:50,33,66,39.65,69590,0
2018-04-02 10:21:34,33,31,77.08,123694,1
2018-04-02 14:31:44,33,58,72.68108452357795,138704,1
2018-04-02 20:06:41,33,15,72.01425660292988,158801,1
2018-04-03 01:18:50,33,66,78.26880827714841,177530,1
2018-04-03 02:49:47,33,62,84.56105372080347,182987,1
2018-04-03 08:49:31,33,69,105.6567376211336,204571,1
2018-04-04 03:08:14,33,62,126.42674302844827,270494,1
2018-04-04 07:31:04,33,62,148.49665323897486,286264,1
2018-04-05 08:49:41,33,66,58.95,377381,0
2018-04-05 14:33:25,33,65,47.96,398005,0
2018-04-05 06:26:49,33,61,58.2,368809,0
2018-04-06 16:39:05,33,69,75.3,491945,0
2018-04-06 11:51:54,33,65,50.2,474714,0
2018-04-06 04:19:41,33,64,82.57,447581,0
2018-04-06 12:05:02,33,64,44.94,475502,0
2018-04-07 14:27:31,33,47,17.93,570451,0
2018-04-07 19:21:01,33,69,26.57,588061,0
2018-04-07 13:04:21,33,69,78.73,565461,0
2018-04-07 00:14:31,33,13,28.11,519271,0
2018-04-08 22:04:36,33,47,22.76,684276,0
2018-04-01 09:13:39,34,91,10.86,33219,0
2018-04-01 01:30:22,34,68,0.16,5422,0
2018-04-02 03:55:08,34,91,9.44,100508,0
2018-04-03 10:01:59,34,29,19.93,208919,0
2018-04-03 13:49:03,34,29,13.62,222543,0
2018-04-03 18:05:24,34,29,8.83,237924,0
2018-04-03 12:23:30,34,68,11.27,217410,0
2018-04-04 13:21:51,34,68,15.17,307311,0
2018-04-04 13:14:17,34,29,7.77,306857,0
2018-04-05 13:42:39,34,68,23.37,394959,0
2018-04-06 11:21:18,34,68,5.82,472878,0
2018-04-07 06:57:35,34,79,65.31,543455,1
2018-04-08 12:17:53,34,15,61.25114667947095,649073,1
2018-04-08 13:25:07,34,83,56.35301570596636,653107,1
2018-04-01 01:32:29,35,58,104.46,5549,0
2018-04-01 09:56:43,35,40,174.44,35803,0
2018-04-02 18:18:24,35,96,38.86,152304,0
2018-04-02 00:53:39,35,25,112.82,89619,0
2018-04-02 13:00:07,35,81,84.62,133207,0
2018-04-03 08:44:31,35,40,83.76,204271,0
2018-04-03 07:13:45,35,25,80.48,198825,0
2018-04-03 08:47:04,35,39,42.94,204424,0
2018-04-03 07:24:23,35,50,110.14,199463,0
2018-04-04 18:10:03,35,39,117.82,324603,0
2018-04-05 09:37:28,35,70,39.68,380248,0
2018-04-05 21:21:48,35,10,74.07,422508,0
2018-04-05 07:08:21,35,81,44.79,371301,0
2018-04-05 20:48:57,35,58,199.29,420537,0
2018-04-06 16:21:40,35,96,84.07,490900,0
2018-04-06 05:46:32,35,96,64.77,452792,0
2018-04-06 00:58:33,35,39,69.61,435513,0
2018-04-07 13:05:03,35,79,136.93,565503,0
2018-04-07 14:56:00,35,40,14.22,572160,0
2018-04-08 09:54:33,35,96,159.71,640473,0
2018-04-01 11:45:54,36,37,53.78,42354,0
2018-04-02 01:15:13,36,5,34.48,90913,0
2018-04-03 13:29:25,36,5,99.28,221365,0
2018-04-04 17:50:47,36,88,68.18,323447,0
2018-04-05 15:55:14,36,88,119.55,402914,0
2018-04-06 00:19:56,36,30,101.17,433196,0
2018-04-07 13:28:01,36,8,101.67,566881,0
2018-04-08 03:22:33,36,5,76.12,616953,0
2018-04-01 23:18:35,37,7,11.67,83915,0
2018-04-02 02:50:56,37,76,22.94,96656,0
2018-04-03 18:33:47,37,3,4.49,239627,0
2018-04-03 11:00:16,37,43,5.91,212416,0
2018-04-04 16:59:29,37,74,15.1,320369,0
2018-04-06 14:17:53,37,76,18.16,483473,0
2018-04-07 09:27:50,37,7,19.43,552470,0
2018-04-08 15:13:03,37,74,12.54,659583,0
2018-04-01 13:20:14,38,90,10.21,48014,0
2018-04-02 13:31:43,38,76,9.01,135103,0
2018-04-03 03:41:23,38,76,7.75,186083,0
2018-04-03 19:06:33,38,93,11.89,241593,0
2018-04-04 21:40:44,38,32,10.54,337244,0
2018-04-05 20:03:32,38,32,1.54,417812,0
2018-04-06 23:30:16,38,74,8.5,516616,0
2018-04-07 14:16:16,38,93,4.32,569776,0
2018-04-08 06:53:10,38,84,10.12,629590,0
2018-04-08 04:15:30,38,74,17.82,620130,0
2018-04-08 12:00:20,38,3,11.02,648020,0
2018-04-01 07:33:48,39,62,97.6,27228,0
2018-04-02 09:38:07,39,65,117.81,121087,0
2018-04-03 10:12:23,39,78,50.05,209543,0
2018-04-04 12:16:07,39,6,106.15,303367,0
2018-04-04 13:27:37,39,62,68.45,307657,0
2018-04-05 10:03:41,39,62,64.07,381821,0
2018-04-05 15:41:04,39,78,63.41,402064,0
2018-04-06 21:04:02,39,6,61.15,507842,0
2018-04-06 16:12:15,39,65,42.48,490335,0
2018-04-06 12:53:35,39,69,55.26,478415,0
2018-04-07 09:52:50,39,47,67.26,553970,0
2018-04-07 13:39:31,39,6,97.39,567571,0
2018-04-07 20:35:07,39,65,95.1,592507,0
2018-04-07 12:44:53,39,14,57.48,564293,0
2018-04-01 13:21:57,40,52,89.21,48117,0
2018-04-02 04:15:48,40,98,99.56,101748,0
2018-04-03 04:17:47,40,80,105.13,188267,0
2018-04-04 12:37:38,40,8,52.1,304658,0
2018-04-04 12:20:03,40,21,53.95,303603,0
2018-04-05 13:21:39,40,30,117.95,393699,0
2018-04-05 12:21:29,40,21,83.6,390089,0
2018-04-06 04:44:30,40,20,84.22,449070,0
2018-04-07 16:08:39,40,34,58.83,576519,0
2018-04-08 06:51:08,40,30,31.1,629468,0
2018-04-01 17:43:00,41,89,41.07,63780,0
2018-04-02 06:36:37,41,82,24.1,110197,0
2018-04-02 13:03:54,41,57,38.68,133434,0
2018-04-03 16:25:09,41,57,72.84,231909,0
2018-04-03 06:07:59,41,89,55.48,194879,0
2018-04-03 05:14:35,41,91,44.95,191675,0
2018-04-04 08:07:47,41,82,24.42,288467,0
2018-04-04 11:14:34,41,91,72.34,299674,0
2018-04-04 18:20:51,41,82,88.89,325251,0
2018-04-05 11:31:53,41,89,50.81,387113,0
2018-04-06 21:12:15,41,91,60.12,508335,0
2018-04-06 19:32:01,41,24,18.86,502321,0
2018-04-07 17:35:59,41,57,48.15,581759,0
2018-04-07 12:34:03,41,24,67.12,563643,0
2018-04-07 10:04:28,41,89,42.03,554668,0
2018-04-08 09:54:27,41,57,49.12,640467,0
2018-04-08 14:35:49,41,57,45.83,657349,0
2018-04-08 13:36:03,41,82,17.73,653763,0
2018-04-01 00:46:03,42,22,38.8,2763,0
2018-04-01 19:33:33,42,1,27.1,70413,0
2018-04-01 14:33:20,42,43,118.35,52400,0
2018-04-02 09:06:50,42,42,47.29,119210,0
2018-04-02 18:55:10,42,42,87.81,154510,0
2018-04-03 12:17:51,42,32,42.01,217071,0
2018-04-03 08:18:50,42,22,61.6,202730,0
2018-04-03 10:17:47,42,17,58.72,209867,0
2018-04-03 11:39:23,42,76,54.21,214763,0
2018-04-04 16:32:45,42,2,48.5,318765,0
2018-04-04 03:24:14,42,1,25.31,271454,0
2018-04-04 13:01:39,42,17,69.55,306099,0
2018-04-04 16:52:32,42,36,52.44,319952,0
2018-04-05 14:13:59,42,42,32.83,396839,0
2018-04-05 07:06:10,42,90,1.31,371170,0
2018-04-06 13:05:43,42,1,37.86,479143,0
2018-04-07 20:27:30,42,36,59.24,592050,0
2018-04-07 07:30:16,42,76,17.73,545416,0
2018-04-07 08:55:52,42,42,102.79,550552,0
2018-04-08 04:28:09,42,84,46.37,620889,0
2018-04-08 02:28:08,42,43,93.0,613688,0
2018-04-08 09:51:37,42,1,43.96,640297,0
2018-04-08 14:53:12,42,35,81.28,658392,0
2018-04-01 11:26:35,43,13,33.59,41195,0
2018-04-01 05:43:05,43,75,29.29,20585,0
2018-04-01 14:46:48,43,65,27.8,53208,0
2018-04-01 23:21:23,43,94,45.14,84083,0
2018-04-02 06:47:28,43,77,13.01,110848,0
2018-04-02 11:41:51,43,62,42.96,128511,0
2018-04-02 07:19:08,43,94,78.16,112748,0
2018-04-03 09:41:37,43,94,41.84,207697,0
2018-04-03 14:05:13,43,13,73.67,223513,0
2018-04-04 14:27:55,43,86,47.01,311275,0
2018-04-04 10:42:12,43,77,42.15,297732,0
2018-04-04 07:09:38,43,86,72.68,284978,0
2018-04-04 09:22:16,43,86,94.28,292936,0
2018-04-05 14:12:07,43,65,93.16,396727,0
2018-04-05 10:21:08,43,13,59.68,382868,0
2018-04-06 11:07:17,43,62,62.94,472037,0
2018-04-06 16:34:50,43,62,47.43,491690,0
2018-04-07 15:53:14,43,86,88.18,575594,0
2018-04-07 08:59:46,43,65,57.99,550786,0
2018-04-08 19:37:30,43,62,58.6,675450,0
2018-04-08 13:26:58,43,65,69.66,653218,0
2018-04-08 02:21:44,43,94,44.88,613304,0
2018-04-08 11:23:03,43,65,73.7,645783,0
2018-04-08 16:40:42,43,86,50.94,664842,0
2018-04-08 11:01:05,43,75,73.57,644465,0
2018-04-01 10:04:29,44,57,43.44,36269,0
2018-04-01 13:28:25,44,88,86.28,48505,0
2018-04-01 12:04:53,44,88,114.91,43493,0
2018-04-01 03:09:24,44,30,13.52,11364,0
2018-04-01 05:58:05,44,37,41.39,21485,0
2018-04-01 16:14:37,44,57,31.48,58477,0
2018-04-02 13:06:31,44,46,62.79,133591,0
2018-04-02 08:46:27,44,48,31.93,117987,0
2018-04-02 08:25:06,44,18,36.75,116706,0
2018-04-02 13:45:24,44,46,43.37,135924,0
2018-04-02 08:44:44,44,30,61.92,117884,0
2018-04-03 17:02:12,44,91,57.65,234132,0
2018-04-03 11:31:40,44,18,61.06,214300,0
2018-04-03 15:30:24,44,30,52.3,228624,0
2018-04-04 11:45:47,44,37,88.71,301547,0
2018-04-04 11:25:52,44,88,65.92,300352,0
2018-04-04 10:18:48,44,48,82.4,296328,0
2018-04-04 14:16:52,44,99,60.86,310612,0
2018-04-04 12:07:22,44,57,94.66,302842,0
2018-04-05 11:02:31,44,91,90.91,385351,0
2018-04-05 07:12:47,44,57,42.05,371567,0
2018-04-05 15:33:27,44,99,20.52,401607,0
2018-04-05 08:48:59,44,51,48.26,377339,0
2018-04-05 17:10:55,44,51,34.88,407455,0
2018-04-05 05:57:32,44,30,43.94,367052,0
2018-04-05 18:25:07,44,51,33.27,411907,0
2018-04-05 06:12:48,44,48,56.54,367968,0
2018-04-05 11:29:05,44,91,69.64,386945,0
2018-04-05 11:45:27,44,37,59.41,387927,0
2018-04-05 17:43:35,44,30,24.41,409415,0
2018-04-06 18:20:44,44,88,56.88,498044,0
2018-04-06 03:59:37,44,30,53.46,446377,0
2018-04-06 19:04:50,44,91,12.3,500690,0
2018-04-06 09:23:23,44,30,37.85,465803,0
2018-04-07 09:17:35,44,48,42.39,551855,0
2018-04-07 13:16:46,44,51,49.32,566206,0
2018-04-07 09:15:57,44,30,32.03,551757,0
2018-04-07 10:45:35,44,99,30.9,557135,0
2018-04-07 07:22:07,44,48,6.44,544927,0
2018-04-08 12:47:09,44,18,15.8,650829,0
2018-04-08 03:58:36,44,51,41.75,619116,0
2018-04-08 12:40:13,44,57,53.02,650413,0
2018-04-08 09:05:51,44,30,14.22,637551,0
2018-04-08 00:36:13,44,72,16.88,606973,0
2018-04-01 07:50:10,45,43,5.81,28210,0
2018-04-01 15:11:18,45,84,64.64,54678,0
2018-04-01 07:29:19,45,90,87.49,26959,0
2018-04-01 20:18:16,45,43,71.24,73096,0
2018-04-01 13:12:08,45,6,85.33,47528,0
2018-04-01 11:44:05,45,47,193.65,42245,0
2018-04-02 06:03:34,45,56,102.82,108214,0
2018-04-02 13:35:31,45,2,60.53,135331,0
2018-04-02 09:15:54,45,6,78.46,119754,0
2018-04-02 13:54:22,45,90,94.04,136462,0
2018-04-02 17:24:26,45,2,37.25,149066,0
2018-04-03 06:34:11,45,14,37.28,196451,0
2018-04-03 18:53:57,45,47,0.75,240837,0
2018-04-03 12:18:42,45,14,109.68,217122,0
2018-04-03 10:40:02,45,47,130.91,211202,0
2018-04-03 13:21:46,45,3,63.84,220906,0
2018-04-03 09:38:46,45,6,111.13,207526,0
2018-04-03 18:05:43,45,17,23.04,237943,0
2018-04-04 09:59:07,45,43,63.65,295147,0
2018-04-04 17:21:30,45,17,100.06,321690,0
2018-04-04 03:54:05,45,36,39.97,273245,0
2018-04-04 06:56:36,45,84,45.27,284196,0
2018-04-04 03:43:09,45,6,42.32,272589,0
2018-04-05 11:57:29,45,84,33.86,388649,0
2018-04-05 13:16:27,45,17,130.65,393387,0
2018-04-05 06:51:05,45,3,92.25,370265,0
2018-04-05 12:20:06,45,3,63.79,390006,0
2018-04-05 06:11:30,45,32,85.81,367890,0
2018-04-06 09:18:28,45,56,92.19,465508,0
2018-04-06 09:08:08,45,43,92.24,464888,0
2018-04-06 06:45:23,45,67,109.43,456323,0
2018-04-07 17:48:46,45,56,100.47,582526,0
2018-04-08 01:02:49,45,14,55.73,608569,0
2018-04-08 06:20:49,45,84,65.08,627649,0
2018-04-08 17:43:45,45,6,41.46,668625,0
2018-04-08 08:53:28,45,2,22.13,636808,0
2018-04-01 15:03:22,46,24,27.14,54202,0
2018-04-01 06:43:37,46,89,72.9,24217,0
2018-04-01 08:46:49,46,23,59.89,31609,0
2018-04-01 05:12:00,46,55,22.79,18720,0
2018-04-02 12:16:03,46,93,55.3,130563,0
2018-04-02 04:05:44,46,26,59.51,101144,0
2018-04-02 14:14:58,46,93,49.61,137698,0
2018-04-03 10:45:41,46,23,54.01,211541,0
2018-04-03 08:02:23,46,23,43.01,201743,0
2018-04-03 08:06:47,46,24,43.51,202007,0
2018-04-03 21:44:49,46,87,1.62,251089,0
2018-04-04 09:49:48,46,23,26.75,294588,0
2018-04-04 02:01:36,46,23,54.53,266496,0
2018-04-04 08:48:10,46,26,33.36,290890,0
2018-04-04 17:15:53,46,93,50.83,321353,0
2018-04-05 07:43:59,46,57,73.77,373439,0
2018-04-05 12:44:32,46,93,53.23,391472,0
2018-04-05 06:12:58,46,87,67.57,367978,0
2018-04-05 12:13:44,46,24,13.45,389624,0
2018-04-06 08:03:43,46,89,44.94,461023,0
2018-04-06 03:38:54,46,92,42.26,445134,0
2018-04-07 13:46:02,46,87,82.88,567962,0
2018-04-07 14:28:33,46,26,79.36,570513,0
2018-04-07 04:21:46,46,92,20.06,534106,0
2018-04-08 09:11:27,46,92,31.05,637887,0
2018-04-08 10:31:47,46,24,61.37,642707,0
2018-04-08 14:17:13,46,92,36.86,656233,0
2018-04-08 07:55:23,46,93,61.5,633323,0
2018-04-08 06:46:47,46,24,52.94,629207,0
2018-04-08 13:28:34,46,89,38.9,653314,0
2018-04-01 14:10:04,47,86,60.07,51004,0
2018-04-01 06:36:42,47,75,62.86,23802,0
2018-04-01 08:20:51,47,94,129.25,30051,0
2018-04-02 14:09:08,47,94,144.57,137348,0
2018-04-02 14:50:36,47,86,42.62,139836,0
2018-04-03 17:59:31,47,86,125.94,237571,0
2018-04-03 11:06:31,47,94,67.92,212791,0
2018-04-04 18:11:07,47,94,133.87,324667,0
2018-04-04 05:59:36,47,75,19.44,280776,0
2018-04-05 12:45:20,47,94,118.51,391520,0
2018-04-06 14:56:31,47,75,44.91,485791,0
2018-04-07 09:51:18,47,75,65.04,553878,0
2018-04-08 05:08:23,47,75,68.18,623303,0
2018-04-08 09:48:33,47,86,33.44,640113,0
2018-04-01 02:49:42,48,54,21.03,10182,0
2018-04-02 11:13:11,48,39,38.59,126791,0
2018-04-03 08:24:43,48,22,20.98,203083,0
2018-04-03 06:55:36,48,54,28.86,197736,0
2018-04-03 14:33:27,48,79,14.46,225207,0
2018-04-04 15:10:47,48,54,36.64,313847,0
2018-04-04 17:07:57,48,35,29.62,320877,0
2018-04-05 10:08:10,48,81,22.67,382090,0
2018-04-05 12:05:06,48,54,13.5,389106,0
2018-04-05 09:58:51,48,31,55.75,381531,0
2018-04-06 15:45:51,48,79,5.33,488751,0
2018-04-06 16:55:37,48,81,22.09,492937,0
2018-04-06 09:45:36,48,41,13.72,467136,0
2018-04-07 10:56:24,48,22,32.51,557784,0
2018-04-07 15:21:17,48,22,18.61,573677,0
2018-04-07 12:58:21,48,81,25.9,565101,0
2018-04-07 07:30:22,48,96,19.19,545422,0
2018-04-07 16:25:19,48,70,17.44,577519,0
2018-04-08 17:19:27,48,17,20.63,667167,0
2018-04-01 20:48:37,49,18,136.51,74917,0
2018-04-01 08:39:07,49,37,106.48,31147,0
2018-04-01 23:27:59,49,51,35.46,84479,0
2018-04-01 12:03:05,49,18,138.55,43385,0
2018-04-02 18:03:52,49,37,69.86,151432,0
2018-04-02 06:34:47,49,80,123.65,110087,0
2018-04-03 11:01:29,49,80,147.53,212489,0
2018-04-03 15:14:28,49,8,96.21,227668,0
2018-04-03 03:59:15,49,99,93.43,187155,0
2018-04-03 08:57:01,49,8,2.51,205021,0
2018-04-04 18:54:01,49,34,82.8,327241,0
2018-04-04 11:15:50,49,20,68.27,299750,0
2018-04-04 15:47:28,49,52,110.58,316048,0
2018-04-04 11:25:07,49,8,129.21,300307,0
2018-04-05 10:23:01,49,99,144.04,382981,0
2018-04-05 14:26:26,49,80,182.02,397586,0
2018-04-05 02:31:27,49,80,78.47,354687,0
2018-04-05 13:57:06,49,30,117.61,395826,0
2018-04-06 09:38:07,49,98,112.56,466687,0
2018-04-06 11:26:34,49,34,53.91,473194,0
2018-04-06 09:17:37,49,98,44.92,465457,0
2018-04-07 06:09:44,49,37,153.84,540584,0
2018-04-07 09:24:51,49,51,66.71,552291,0
2018-04-07 19:47:15,49,8,68.88,589635,0
2018-04-07 02:40:57,49,30,139.79,528057,0
2018-04-07 02:32:01,49,20,132.61,527521,0
2018-04-08 06:44:37,49,18,8.94,629077,0
2018-04-08 15:22:32,49,51,76.14,660152,0
2018-04-08 17:53:26,49,51,62.93,669206,0
